CustomerID,Gender,Age,AnnualIncome,SpendingScore,Purchased
1,Female,28.0,91748.0,69.0,0
2,Female,35.0,87860.0,57.0,0
3,M,38.0,89635.0,44.0,1
4,Female,,89611.0,86.0,0
5,Male,40.0,98985.0,57.0,0
6,Male,35.0,,2.0,0
7,F,43.0,94915.0,54.0,0
8,Male,58.0,58617.0,90.0,0
9,Male,44.0,77726.0,,1
10,Female,58.0,98808.0,10.0,0
11,Female,,57580.0,15.0,0
12,Female,25.0,40666.0,16.0,1
13,Male,57.0,71692.0,43.0,1
14,Male,37.0,32437.0,60.0,0
15,Male,26.0,46237.0,45.0,1
16,Female,39.0,,99.0,0
17,Male,39.0,99769.0,74.0,0
18,Female,47.0,98530.0,28.0,1
19,Female,34.0,99016.0,73.0,1
20,Male,54.0,85454.0,64.0,0
21,Female,45.0,24466.0,11.0,0
22,Female,41.0,73316.0,58.0,0
23,Female,34.0,31667.0,24.0,0
24,Female,28.0,96901.0,43.0,0
25,Male,28.0,97744.0,19.0,1
26,Female,,76623.0,13.0,0
27,Male,36.0,62005.0,80.0,0
28,Male,33.0,35592.0,96.0,1
29,Female,55.0,27886.0,60.0,1
30,Female,44.0,73302.0,70.0,1
31,Male,31.0,47972.0,,1
32,Female,51.0,53530.0,38.0,1
33,Male,50.0,46523.0,45.0,1
34,Male,35.0,50429.0,40.0,0
35,Female,58.0,93929.0,68.0,0
36,Male,32.0,26827.0,65.0,1
37,Male,32.0,88239.0,98.0,1
38,Male,21.0,98322.0,53.0,0
39,Male,24.0,88826.0,20.0,0
40,Male,19.0,43031.0,33.0,0
41,Male,36.0,97488.0,21.0,0
42,Male,39.0,36735.0,59.0,0
43,Female,59.0,33155.0,86.0,0
44,F,51.0,40547.0,53.0,0
45,Female,39.0,78701.0,88.0,1
46,Male,44.0,79900.0,95.0,1
47,Male,32.0,82445.0,31.0,0
48,Female,48.0,97305.0,69.0,1
49,F,19.0,66603.0,48.0,1
50,Female,56.0,73388.0,10.0,1
1,Female,28.0,91748.0,69.0,0
